Mutation,Ovarian Cancer,Hepatocellular Carcinoma,Colorectal Adenocarcinoma,Prostate Cancer,Gastric Adenocarcinoma,Endometrial Cancer,Breast Carcinoma,Head Neck Squamous Cell Carcinoma,Urothelial Cancer,Lung Adenocarcinoma,Lung Squamous Cell Carcinoma,Diffuse_large_B_cell_lymphoma,Lung Small Cell Carcionoma,Pancreatic Adenocarcinoma,Malignant Melanoma,Plasma_cell_myeloma,Renal Cell Carcinoma,Chronic_lymphocytic_leukemiasmall_lymphocytic_lymphoma,Thyroid Carcinoma
KRAS (G12A),0,0,28.81,0,1.69,13.56,1.69,0,1.69,33.9,1.69,3.39,0,1.69,0,5.08,0,0,0
PIK3CA (H1047R),0.63,1.27,9.52,1.9,5.08,8.57,55.24,5.4,2.22,0.63,1.59,0,0,0.95,0.95,0,0.63,0,0
NRAS (Q61R),1.95,0.65,2.6,0,0.65,3.25,0,0.65,2.6,0,1.3,0,0,0,49.35,7.14,0,2.6,20.13
KRAS (G13D),0,0.65,55.19,0,8.44,7.14,0,0,1.3,5.19,0,4.55,0,1.3,0.65,5.84,0,1.3,0
KRAS (G12D),0,0.43,23.45,0.43,2.77,7.04,0.21,0,1.28,5.33,0,0,0,51.39,0.43,0.64,0.64,0.21,0
KRAS (G12C),0,0.62,19.14,0,1.85,3.09,0.62,0,3.09,60.49,0,0,0,6.17,0.62,0,0.62,0,0
TP53 (R273C),2.3,0.57,16.09,8.62,6.32,5.75,6.32,4.6,2.87,0.57,0.57,0.57,1.72,4.6,0,0,0,0.57,0
TP53 (Y220C),9.18,5.1,2.04,8.16,4.08,4.08,14.29,10.2,2.04,4.08,4.08,1.02,2.04,5.1,1.02,0,0,2.04,0
PIK3CA (R88Q),0,0,27.63,1.32,7.89,46.05,1.32,2.63,5.26,1.32,0,0,0,0,0,0,0,0,0
TP53 (R248Q),4.74,1.05,17.37,7.37,4.74,4.21,8.42,8.95,10,0.53,2.11,5.79,0.53,6.32,0,0,0,0.53,0
SF3B1 (K700E),0,0,1.64,4.92,0,0,32.79,0,0,0,0,0,0,6.56,1.64,0,0,40.98,0
BRAF (V600E),0,0.13,21,0,0,0,0.26,0.13,0.13,1.44,0,0,0,0.39,35.83,0.66,0.26,0.13,37.14
TRIM48 (Y192H),0,0,89.47,5.26,2.63,2.63,0,0,0,0,0,0,0,0,0,0,0,0,0
TP53 (R175H),6.05,0.81,29.03,2.82,6.85,2.82,11.29,5.24,2.02,0.4,1.61,4.44,0.4,8.47,0.4,0,0,0.81,0
TP53 (R273H),6.34,0.7,21.13,1.41,7.75,5.63,12.68,7.04,0,2.11,2.11,0,0.7,10.56,0,0.7,0,0.7,0
PIK3CA (H1047L),0,5.17,5.17,0,1.72,12.07,36.21,8.62,3.45,1.72,3.45,0,0,0,3.45,0,1.72,0,0
PIK3CA (N345K),0,0,2.13,2.13,12.77,8.51,61.7,2.13,0,2.13,0,0,0,0,0,0,0,0,0
AKT1 (E17K),0,1.27,7.59,7.59,2.53,8.86,53.16,1.27,3.8,3.8,1.27,0,0,1.27,1.27,0,0,0,3.8
NRAS (Q61K),0,0.86,13.79,0,0.86,0.86,0,0,0.86,0.86,0.86,0,0,0,44.83,7.76,0,0.86,6.9
PIK3CA (E542K),0,0.45,14.29,1.34,3.57,7.14,32.14,9.38,10.27,2.23,5.36,0,0,0.89,0,0,0.89,0,0
PIK3CA (E545K),0.29,0.29,15.07,1.16,3.77,4.35,28.12,7.83,12.46,2.61,4.06,0,0.29,0.29,0.87,0,0.58,0,0
TP53 (R282W),2.86,1.43,27.14,4.29,7.14,4.29,3.57,10,2.14,2.14,3.57,2.86,0.71,10.71,2.14,0,0,0,0
TP53 (R248W),6.77,1.5,21.05,3.01,6.02,5.26,9.02,5.26,3.01,1.5,3.01,3.01,0,5.26,3.01,0.75,0.75,0,0
PGM5 (I98V),0,0,52.31,1.54,35.38,4.62,0,1.54,0,0,0,0,0,0,0,0,0,0,0
KRAS (G12V),1.04,0,22.14,0.26,0.78,4.95,1.56,0.26,0.78,12.24,0.26,0,0,49.48,0,0.26,0.52,0.26,0.26
